{
  "Update Booking" : {
    "transaction" : "Update Booking",
    "sampleCount" : 100,
    "errorCount" : 0,
    "errorPct" : 0.0,
    "meanResTime" : 369.86999999999995,
    "medianResTime" : 369.0,
    "minResTime" : 330.0,
    "maxResTime" : 403.0,
    "pct1ResTime" : 390.9,
    "pct2ResTime" : 395.9,
    "pct3ResTime" : 402.96,
    "throughput" : 10.24380249948781,
    "receivedKBytesPerSec" : 9.195413337430853,
    "sentKBytesPerSec" : 4.911823268797377
  },
  "Delete Booking" : {
    "transaction" : "Delete Booking",
    "sampleCount" : 100,
    "errorCount" : 0,
    "errorPct" : 0.0,
    "meanResTime" : 368.31,
    "medianResTime" : 368.5,
    "minResTime" : 323.0,
    "maxResTime" : 405.0,
    "pct1ResTime" : 391.0,
    "pct2ResTime" : 392.95,
    "pct3ResTime" : 404.96,
    "throughput" : 10.248001639680261,
    "receivedKBytesPerSec" : 7.529078704652593,
    "sentKBytesPerSec" : 2.421891012502562
  },
  "Total" : {
    "transaction" : "Total",
    "sampleCount" : 600,
    "errorCount" : 0,
    "errorPct" : 0.0,
    "meanResTime" : 560.7466666666662,
    "medianResTime" : 372.0,
    "minResTime" : 323.0,
    "maxResTime" : 2198.0,
    "pct1ResTime" : 1460.6999999999998,
    "pct2ResTime" : 1524.8999999999999,
    "pct3ResTime" : 1973.960000000001,
    "throughput" : 44.846401076313626,
    "receivedKBytesPerSec" : 38.205279729426714,
    "sentKBytesPerSec" : 12.846625308319007
  },
  "Create Booking" : {
    "transaction" : "Create Booking",
    "sampleCount" : 100,
    "errorCount" : 0,
    "errorPct" : 0.0,
    "meanResTime" : 368.7999999999999,
    "medianResTime" : 365.0,
    "minResTime" : 331.0,
    "maxResTime" : 400.0,
    "pct1ResTime" : 393.0,
    "pct2ResTime" : 396.95,
    "pct3ResTime" : 400.0,
    "throughput" : 10.235414534288639,
    "receivedKBytesPerSec" : 9.477753966223132,
    "sentKBytesPerSec" : 4.537966990788127
  },
  "Access Token / Login - HTTP Request" : {
    "transaction" : "Access Token / Login - HTTP Request",
    "sampleCount" : 100,
    "errorCount" : 0,
    "errorPct" : 0.0,
    "meanResTime" : 1519.6500000000005,
    "medianResTime" : 1481.0,
    "minResTime" : 1310.0,
    "maxResTime" : 2198.0,
    "pct1ResTime" : 1584.8,
    "pct2ResTime" : 2038.6499999999992,
    "pct3ResTime" : 2197.7,
    "throughput" : 8.597713008339781,
    "receivedKBytesPerSec" : 6.531575101023128,
    "sentKBytesPerSec" : 2.174616864414066
  },
  "Get Booking Copy" : {
    "transaction" : "Get Booking Copy",
    "sampleCount" : 100,
    "errorCount" : 0,
    "errorPct" : 0.0,
    "meanResTime" : 368.02000000000004,
    "medianResTime" : 367.5,
    "minResTime" : 327.0,
    "maxResTime" : 410.0,
    "pct1ResTime" : 390.0,
    "pct2ResTime" : 397.9,
    "pct3ResTime" : 409.91999999999996,
    "throughput" : 10.245901639344261,
    "receivedKBytesPerSec" : 9.197297643442623,
    "sentKBytesPerSec" : 1.5709048411885247
  },
  "Get Booking" : {
    "transaction" : "Get Booking",
    "sampleCount" : 100,
    "errorCount" : 0,
    "errorPct" : 0.0,
    "meanResTime" : 369.83000000000004,
    "medianResTime" : 369.0,
    "minResTime" : 335.0,
    "maxResTime" : 398.0,
    "pct1ResTime" : 392.0,
    "pct2ResTime" : 395.95,
    "pct3ResTime" : 398.0,
    "throughput" : 10.239606799098913,
    "receivedKBytesPerSec" : 9.172847762645914,
    "sentKBytesPerSec" : 1.5699397143149703
  }
}