{
  "Update Booking" : {
    "transaction" : "Update Booking",
    "sampleCount" : 5000,
    "errorCount" : 0,
    "errorPct" : 0.0,
    "meanResTime" : 16216.290399999974,
    "medianResTime" : 19186.5,
    "minResTime" : 635.0,
    "maxResTime" : 21261.0,
    "pct1ResTime" : 20054.9,
    "pct2ResTime" : 20071.0,
    "pct3ResTime" : 20523.859999999997,
    "throughput" : 94.79930986102421,
    "receivedKBytesPerSec" : 85.28538443490132,
    "sentKBytesPerSec" : 45.44441916462848
  },
  "Delete Booking" : {
    "transaction" : "Delete Booking",
    "sampleCount" : 5000,
    "errorCount" : 0,
    "errorPct" : 0.0,
    "meanResTime" : 12520.349799999984,
    "medianResTime" : 11660.5,
    "minResTime" : 1167.0,
    "maxResTime" : 20614.0,
    "pct1ResTime" : 18343.0,
    "pct2ResTime" : 19110.9,
    "pct3ResTime" : 20049.989999999998,
    "throughput" : 86.42295393656556,
    "receivedKBytesPerSec" : 63.601217483363584,
    "sentKBytesPerSec" : 20.414046970875464
  },
  "Total" : {
    "transaction" : "Total",
    "sampleCount" : 30000,
    "errorCount" : 0,
    "errorPct" : 0.0,
    "meanResTime" : 9203.313566666657,
    "medianResTime" : 9559.0,
    "minResTime" : 387.0,
    "maxResTime" : 21261.0,
    "pct1ResTime" : 19497.9,
    "pct2ResTime" : 20028.0,
    "pct3ResTime" : 20081.0,
    "throughput" : 393.81965685180563,
    "receivedKBytesPerSec" : 335.8402757722147,
    "sentKBytesPerSec" : 112.78215537498194
  },
  "Create Booking" : {
    "transaction" : "Create Booking",
    "sampleCount" : 5000,
    "errorCount" : 0,
    "errorPct" : 0.0,
    "meanResTime" : 3858.294600000003,
    "medianResTime" : 3916.0,
    "minResTime" : 387.0,
    "maxResTime" : 10902.0,
    "pct1ResTime" : 7023.0,
    "pct2ResTime" : 7236.9,
    "pct3ResTime" : 9673.98,
    "throughput" : 169.1532189857573,
    "receivedKBytesPerSec" : 156.5712589651206,
    "sentKBytesPerSec" : 74.99566544876349
  },
  "Access Token / Login - HTTP Request" : {
    "transaction" : "Access Token / Login - HTTP Request",
    "sampleCount" : 5000,
    "errorCount" : 0,
    "errorPct" : 0.0,
    "meanResTime" : 8027.9767999999995,
    "medianResTime" : 8504.0,
    "minResTime" : 1543.0,
    "maxResTime" : 19858.0,
    "pct1ResTime" : 12902.500000000004,
    "pct2ResTime" : 15169.0,
    "pct3ResTime" : 18182.61999999997,
    "throughput" : 142.72257585704907,
    "receivedKBytesPerSec" : 108.3612237033654,
    "sentKBytesPerSec" : 36.098776510718466
  },
  "Get Booking Copy" : {
    "transaction" : "Get Booking Copy",
    "sampleCount" : 5000,
    "errorCount" : 0,
    "errorPct" : 0.0,
    "meanResTime" : 8526.032599999997,
    "medianResTime" : 9180.5,
    "minResTime" : 924.0,
    "maxResTime" : 11483.0,
    "pct1ResTime" : 10340.900000000001,
    "pct2ResTime" : 10493.0,
    "pct3ResTime" : 10624.0,
    "throughput" : 88.40013436820423,
    "receivedKBytesPerSec" : 79.53284120241862,
    "sentKBytesPerSec" : 13.54317683562879
  },
  "Get Booking" : {
    "transaction" : "Get Booking",
    "sampleCount" : 5000,
    "errorCount" : 0,
    "errorPct" : 0.0,
    "meanResTime" : 6070.937200000004,
    "medianResTime" : 6781.5,
    "minResTime" : 387.0,
    "maxResTime" : 11699.0,
    "pct1ResTime" : 10134.500000000004,
    "pct2ResTime" : 10407.95,
    "pct3ResTime" : 10748.96,
    "throughput" : 129.22567972707535,
    "receivedKBytesPerSec" : 115.85556688075054,
    "sentKBytesPerSec" : 19.797777964437092
  }
}