{
  "Update Booking" : {
    "transaction" : "Update Booking",
    "sampleCount" : 500,
    "errorCount" : 0,
    "errorPct" : 0.0,
    "meanResTime" : 353.47999999999996,
    "medianResTime" : 350.0,
    "minResTime" : 324.0,
    "maxResTime" : 437.0,
    "pct1ResTime" : 371.0,
    "pct2ResTime" : 381.84999999999997,
    "pct3ResTime" : 403.99,
    "throughput" : 54.36555398499511,
    "receivedKBytesPerSec" : 48.93197170272916,
    "sentKBytesPerSec" : 26.06785840491465
  },
  "Delete Booking" : {
    "transaction" : "Delete Booking",
    "sampleCount" : 500,
    "errorCount" : 0,
    "errorPct" : 0.0,
    "meanResTime" : 350.504,
    "medianResTime" : 349.0,
    "minResTime" : 321.0,
    "maxResTime" : 384.0,
    "pct1ResTime" : 368.0,
    "pct2ResTime" : 372.0,
    "pct3ResTime" : 379.0,
    "throughput" : 54.08328826392644,
    "receivedKBytesPerSec" : 39.85642577068686,
    "sentKBytesPerSec" : 12.781402109248244
  },
  "Total" : {
    "transaction" : "Total",
    "sampleCount" : 3000,
    "errorCount" : 0,
    "errorPct" : 0.0,
    "meanResTime" : 535.0383333333336,
    "medianResTime" : 352.0,
    "minResTime" : 321.0,
    "maxResTime" : 2345.0,
    "pct1ResTime" : 1377.0,
    "pct2ResTime" : 1424.0,
    "pct3ResTime" : 2048.229999999983,
    "throughput" : 232.79273686660974,
    "receivedKBytesPerSec" : 198.67526383176843,
    "sentKBytesPerSec" : 66.68541941491425
  },
  "Create Booking" : {
    "transaction" : "Create Booking",
    "sampleCount" : 500,
    "errorCount" : 0,
    "errorPct" : 0.0,
    "meanResTime" : 348.4219999999999,
    "medianResTime" : 347.0,
    "minResTime" : 321.0,
    "maxResTime" : 378.0,
    "pct1ResTime" : 364.0,
    "pct2ResTime" : 367.0,
    "pct3ResTime" : 373.99,
    "throughput" : 54.74652359575167,
    "receivedKBytesPerSec" : 50.71067830942736,
    "sentKBytesPerSec" : 24.272384484835214
  },
  "Access Token / Login - HTTP Request" : {
    "transaction" : "Access Token / Login - HTTP Request",
    "sampleCount" : 500,
    "errorCount" : 0,
    "errorPct" : 0.0,
    "meanResTime" : 1457.3719999999996,
    "medianResTime" : 1389.5,
    "minResTime" : 1281.0,
    "maxResTime" : 2345.0,
    "pct1ResTime" : 1659.3000000000009,
    "pct2ResTime" : 2125.2999999999997,
    "pct3ResTime" : 2323.99,
    "throughput" : 45.08972855983407,
    "receivedKBytesPerSec" : 34.23754678059338,
    "sentKBytesPerSec" : 11.404530954098655
  },
  "Get Booking Copy" : {
    "transaction" : "Get Booking Copy",
    "sampleCount" : 500,
    "errorCount" : 0,
    "errorPct" : 0.0,
    "meanResTime" : 348.44599999999997,
    "medianResTime" : 347.0,
    "minResTime" : 324.0,
    "maxResTime" : 378.0,
    "pct1ResTime" : 366.0,
    "pct2ResTime" : 369.0,
    "pct3ResTime" : 374.99,
    "throughput" : 54.23581733376722,
    "receivedKBytesPerSec" : 48.81350675235926,
    "sentKBytesPerSec" : 8.315452462306107
  },
  "Get Booking" : {
    "transaction" : "Get Booking",
    "sampleCount" : 500,
    "errorCount" : 0,
    "errorPct" : 0.0,
    "meanResTime" : 352.00600000000003,
    "medianResTime" : 349.0,
    "minResTime" : 323.0,
    "maxResTime" : 403.0,
    "pct1ResTime" : 373.90000000000003,
    "pct2ResTime" : 383.0,
    "pct3ResTime" : 398.0,
    "throughput" : 54.55537370430987,
    "receivedKBytesPerSec" : 48.992430441898534,
    "sentKBytesPerSec" : 8.364446944899074
  }
}