{
  "Update Booking" : {
    "transaction" : "Update Booking",
    "sampleCount" : 1000,
    "errorCount" : 0,
    "errorPct" : 0.0,
    "meanResTime" : 590.7559999999997,
    "medianResTime" : 579.5,
    "minResTime" : 381.0,
    "maxResTime" : 1429.0,
    "pct1ResTime" : 782.9,
    "pct2ResTime" : 822.9499999999999,
    "pct3ResTime" : 890.0,
    "throughput" : 107.43446497636441,
    "receivedKBytesPerSec" : 96.81943623764504,
    "sentKBytesPerSec" : 51.513986624409114
  },
  "Delete Booking" : {
    "transaction" : "Delete Booking",
    "sampleCount" : 1000,
    "errorCount" : 0,
    "errorPct" : 0.0,
    "meanResTime" : 583.5569999999993,
    "medianResTime" : 576.0,
    "minResTime" : 383.0,
    "maxResTime" : 921.0,
    "pct1ResTime" : 781.9,
    "pct2ResTime" : 854.8999999999999,
    "pct3ResTime" : 900.99,
    "throughput" : 109.91426687183996,
    "receivedKBytesPerSec" : 81.11458218839304,
    "sentKBytesPerSec" : 25.97583260057155
  },
  "Total" : {
    "transaction" : "Total",
    "sampleCount" : 6000,
    "errorCount" : 0,
    "errorPct" : 0.0,
    "meanResTime" : 712.6343333333333,
    "medianResTime" : 535.0,
    "minResTime" : 375.0,
    "maxResTime" : 3450.0,
    "pct1ResTime" : 1563.9000000000005,
    "pct2ResTime" : 1593.0,
    "pct3ResTime" : 2240.9199999999983,
    "throughput" : 451.56920298035675,
    "receivedKBytesPerSec" : 385.7388801083766,
    "sentKBytesPerSec" : 129.3557612704147
  },
  "Create Booking" : {
    "transaction" : "Create Booking",
    "sampleCount" : 1000,
    "errorCount" : 0,
    "errorPct" : 0.0,
    "meanResTime" : 485.1040000000002,
    "medianResTime" : 477.0,
    "minResTime" : 375.0,
    "maxResTime" : 1116.0,
    "pct1ResTime" : 581.0,
    "pct2ResTime" : 625.6499999999995,
    "pct3ResTime" : 656.99,
    "throughput" : 107.78184953653805,
    "receivedKBytesPerSec" : 99.86872507544729,
    "sentKBytesPerSec" : 47.786093446863546
  },
  "Access Token / Login - HTTP Request" : {
    "transaction" : "Access Token / Login - HTTP Request",
    "sampleCount" : 1000,
    "errorCount" : 0,
    "errorPct" : 0.0,
    "meanResTime" : 1634.9390000000003,
    "medianResTime" : 1574.0,
    "minResTime" : 1437.0,
    "maxResTime" : 3450.0,
    "pct1ResTime" : 1878.1999999999998,
    "pct2ResTime" : 2281.0,
    "pct3ResTime" : 2469.96,
    "throughput" : 89.07098957869422,
    "receivedKBytesPerSec" : 67.65707112318518,
    "sentKBytesPerSec" : 22.528697559454884
  },
  "Get Booking Copy" : {
    "transaction" : "Get Booking Copy",
    "sampleCount" : 1000,
    "errorCount" : 0,
    "errorPct" : 0.0,
    "meanResTime" : 485.36800000000005,
    "medianResTime" : 483.0,
    "minResTime" : 383.0,
    "maxResTime" : 1170.0,
    "pct1ResTime" : 571.0,
    "pct2ResTime" : 586.0,
    "pct3ResTime" : 664.99,
    "throughput" : 107.36525660296329,
    "receivedKBytesPerSec" : 96.77551937942881,
    "sentKBytesPerSec" : 16.461274694009017
  },
  "Get Booking" : {
    "transaction" : "Get Booking",
    "sampleCount" : 1000,
    "errorCount" : 0,
    "errorPct" : 0.0,
    "meanResTime" : 496.08199999999994,
    "medianResTime" : 492.0,
    "minResTime" : 385.0,
    "maxResTime" : 724.0,
    "pct1ResTime" : 581.0,
    "pct2ResTime" : 632.7999999999997,
    "pct3ResTime" : 668.98,
    "throughput" : 107.60787689658883,
    "receivedKBytesPerSec" : 96.69660631658238,
    "sentKBytesPerSec" : 16.49847331324653
  }
}